nombre,descuento,precio,fechaLanzamiento,usuarioCompraron,plataformas,resenia,bloqueoDeEdad,etiquetas,desarrollador,editor,genero,metacritic,herf,imagen,descipcion
Counter-Strike: Global Offensive,0,0,21 Aug 2012,5249348,windows / mac/ linux,"Very Positive / 88% of 5,249,348",false, FPS / Shooter / Multiplayer / Competitive / Action / Team-Based / eSports / Tactical / First-Person / PvP / Online Co-Op / Co-op / Strategy / Military / War / Difficult / Trading / Realistic / Fast-Paced / Moddable ,Valve / Hidden Path Entertainment,Valve,Action / Free to Play,83,https://store.steampowered.com/app/730/CounterStrike_Global_Offensive/?snr=1_7_7_230_150_1,https://cdn.akamai.steamstatic.com/steam/apps/730/capsule_sm_120.jpg?t=1610576424," Counter-Strike: Global Offensive (CS: GO) expands upon the team-based action gameplay that it pioneered when it was launched 19 years ago. CS: GO features new maps, characters, weapons, and game modes, and delivers updated versions of the classic CS content (de_dust2, etc.). "
Rust,0,39.99,8 Feb 2018,"",windows / mac,"Very Positive / 85% of 432,909",true,"","","","","",https://store.steampowered.com/app/252490/Rust/?snr=1_7_7_230_150_1,https://cdn.akamai.steamstatic.com/steam/apps/252490/capsule_sm_120.jpg?t=1608404151,""
Dyson Sphere Program,0,19.99,20 Jan 2021,10150,windows ,"Overwhelmingly Positive / 97% of 9,188",false, Automation / Space / Simulation / Open World / Base Building / Building / Management / Sci-fi / Resource Management / Sandbox / City Builder / Strategy / Space Sim / 3D / Third Person / Singleplayer / Early Access / Indie / Multiplayer ,Youthcat Studio,Gamera Game,Indie / Simulation / Strategy / Early Access,"",https://store.steampowered.com/app/1366540/Dyson_Sphere_Program/?snr=1_7_7_230_150_1,https://cdn.akamai.steamstatic.com/steam/apps/1366540/capsule_sm_120.jpg?t=1611695626," Build the most efficient intergalactic factory in space simulation strategy game Dyson Sphere Program! Harness the power of stars, collect resources, plan and design production lines and develop your interstellar factory from a small space workshop to a galaxy-wide industrial empire. "
Apex Legends™,0,0,4 Nov 2020,120845,windows ,"Very Positive / 93% of 120,812",false, Free to Play / Battle Royale / Shooter / First-Person / Multiplayer / PvP / Hero Shooter / Team-Based / Action / Character Customization / Sci-fi / Survival / Funny / Tactical / Loot / Cyberpunk / Lore-Rich / FPS / Science / Cinematic ,Respawn Entertainment,Electronic Arts,Action / Adventure / Free to Play,88,https://store.steampowered.com/app/1172470/Apex_Legends/?snr=1_7_7_230_150_1,https://cdn.akamai.steamstatic.com/steam/apps/1172470/capsule_sm_120.jpg?t=1610652587," Apex Legends is the award-winning, free-to-play Battle Royale team shooter from Respawn Entertainment. Master an ever-growing roster of legendary characters with powerful abilities and experience strategic squad play and innovative gameplay in the next evolution of Battle Royale. "
Sid Meier’s Civilization® VI,75%,59.99,20 Oct 2016,144846,windows / mac/ linux,"Very Positive / 83% of 99,489",false, Strategy / Turn-Based Strategy / Historical / Multiplayer / Singleplayer / Turn-Based / Grand Strategy / 4X / War / Simulation / Tactical / City Builder / Great Soundtrack / Moddable / Online Co-Op / Building / Co-op / Management / Hex Grid / Atmospheric ,Firaxis Games / Aspyr (Mac) / Aspyr (Linux),2K / Aspyr (Mac) / Aspyr (Linux),Strategy,88,https://store.steampowered.com/app/289070/Sid_Meiers_Civilization_VI/?snr=1_7_7_230_150_1,https://cdn.akamai.steamstatic.com/steam/apps/289070/capsule_sm_120.jpg?t=1611862077," Civilization VI offers new ways to interact with your world, expand your empire across the map, advance your culture, and compete against history’s greatest leaders to build a civilization that will stand the test of time. Play as one of 20 historical leaders including Roosevelt (America) and Victoria (England). "
The Elder Scrolls® Online,0,19.99,22 May 2017,"",windows / mac,"Very Positive / 82% of 75,542",true,"","","","","",https://store.steampowered.com/app/306130/The_Elder_Scrolls_Online/?snr=1_7_7_230_150_1,https://cdn.akamai.steamstatic.com/steam/apps/306130/capsule_sm_120.jpg?t=1611699837,""
Sea of Thieves,0,39.99,3 Jun 2020,93683,windows ,"Very Positive / 90% of 78,054",false, Adventure / Action / Multiplayer / Pirates / Open World / Co-op / Sailing / PvP / Online Co-Op / First-Person / Exploration / Naval / Funny / PvE / Atmospheric / Massively Multiplayer / Swordplay / Great Soundtrack / FPS / Singleplayer ,Rare Ltd,"",Action / Adventure,"",https://store.steampowered.com/app/1172620/Sea_of_Thieves/?snr=1_7_7_230_150_1,https://cdn.akamai.steamstatic.com/steam/apps/1172620/capsule_sm_120.jpg?t=1607007676," Sea of Thieves offers the essential pirate experience, from sailing and fighting to exploring and looting – everything you need to live the pirate life and become a legend in your own right. With no set roles, you have complete freedom to approach the world, and other players, however you choose. "
Grand Theft Auto V,0,0,13 Apr 2015,"",windows ,"Very Positive / 81% of 909,596",true,"","","","","",https://store.steampowered.com/app/271590/Grand_Theft_Auto_V/?snr=1_7_7_230_150_1,https://cdn.akamai.steamstatic.com/steam/apps/271590/capsule_sm_120.jpg?t=1592866696,""
PLAYERUNKNOWN'S BATTLEGROUNDS,0,29.99,21 Dec 2017,1649102,windows ,"Mixed / 52% of 1,376,654",false, Survival / Shooter / Multiplayer / Battle Royale / FPS / PvP / Third-Person Shooter / Action / Online Co-Op / Tactical / Co-op / First-Person / Strategy / Early Access / Competitive / Third Person / Team-Based / Difficult / Simulation / Stealth ,"KRAFTON, Inc.","KRAFTON, Inc.",Action / Adventure / Massively Multiplayer,86,https://store.steampowered.com/app/578080/PLAYERUNKNOWNS_BATTLEGROUNDS/?snr=1_7_7_230_150_1,https://cdn.akamai.steamstatic.com/steam/apps/578080/capsule_sm_120.jpg?t=1608093288, PLAYERUNKNOWN'S BATTLEGROUNDS is a battle royale shooter that pits 100 players against each other in a struggle for survival. Gather supplies and outwit your opponents to become the last person standing. 
Path of Exile,0,0,23 Oct 2013,152479,windows / mac,"Very Positive / 93% of 152,467",false, Free to Play / Action RPG / Hack and Slash / RPG / Multiplayer / Massively Multiplayer / Loot / MMORPG / Action / Fantasy / Dungeon Crawler / Adventure / Online Co-Op / Co-op / Dark Fantasy / Indie / Character Customization / PvE / Inventory Management / Fishing ,Grinding Gear Games,Grinding Gear Games,Action / Adventure / Free to Play / Indie / Massively Multiplayer / RPG,86,https://store.steampowered.com/app/238960/Path_of_Exile/?snr=1_7_7_230_150_1,https://cdn.akamai.steamstatic.com/steam/apps/238960/capsule_sm_120.jpg?t=1610659970," You are an Exile, struggling to survive on the dark continent of Wraeclast, as you fight to earn power that will allow you to exact your revenge against those who wronged you. Created by hardcore gamers, Path of Exile is an online Action RPG set in a dark fantasy world. "
Phasmophobia,0,13.99,18 Sep 2020,223629,windows ,"Overwhelmingly Positive / 97% of 182,526",false, Horror / Online Co-Op / Multiplayer / Psychological Horror / Co-op / Supernatural / VR / First-Person / Investigation / Dark / Mystery / Detective / Demons / Early Access / Indie / 3D / Thriller / Action / Tactical / Lovecraftian ,Kinetic Games,Kinetic Games,Action / Indie / Early Access,"",https://store.steampowered.com/app/739630/Phasmophobia/?snr=1_7_7_230_150_1,https://cdn.akamai.steamstatic.com/steam/apps/739630/capsule_sm_120.jpg?t=1611245377, Phasmophobia is a 4 player online co-op psychological horror. Paranormal activity is on the rise and it’s up to you and your team to use all the ghost hunting equipment at your disposal in order to gather as much evidence as you can. 
Tom Clancy's Rainbow Six® Siege,0,19.99,1 Dec 2015,"",windows ,"Very Positive / 88% of 705,891",true,"","","","","",https://store.steampowered.com/app/359550/Tom_Clancys_Rainbow_Six_Siege/?snr=1_7_7_230_150_1,https://cdn.akamai.steamstatic.com/steam/apps/359550/capsule_sm_120_alt_assets_13.jpg?t=1611615023,""
Cyberpunk 2077,0,59.99,9 Dec 2020,"",windows ,"Mostly Positive / 78% of 334,310",true,"","","","","",https://store.steampowered.com/app/1091500/Cyberpunk_2077/?snr=1_7_7_230_150_1,https://cdn.akamai.steamstatic.com/steam/apps/1091500/capsule_sm_120.jpg?t=1611573739,""
Destiny 2,0,0,1 Oct 2019,333285,windows ,"Very Positive / 85% of 333,278",false, PvP / PvE / Open World / Looter Shooter / FPS / MMORPG / Competitive / Shooter / First-Person / Sci-fi / Lore-Rich / Action / Space / Loot / Co-op / Free to Play / Atmospheric / Adventure / Massively Multiplayer / Cinematic ,Bungie,Bungie ,Action / Adventure / Free to Play,83,https://store.steampowered.com/app/1085660/Destiny_2/?snr=1_7_7_230_150_1,https://cdn.akamai.steamstatic.com/steam/apps/1085660/capsule_sm_120.jpg?t=1607380522," Destiny 2 is an action MMO with a single evolving world that you and your friends can join anytime, anywhere, absolutely free. "
Ori and the Will of the Wisps,67%,29.99,10 Mar 2020,53963,windows ,"Overwhelmingly Positive / 96% of 48,891",false, Beautiful / Great Soundtrack / Metroidvania / Platformer / Action / Singleplayer / Atmospheric / Adventure / Story Rich / Cute / Exploration / Action-Adventure / Puzzle / Emotional / Difficult / Indie / Fantasy / Open World / 2D / Souls-like ,Moon Studios GmbH,"",Action,88,https://store.steampowered.com/app/1057090/Ori_and_the_Will_of_the_Wisps/?snr=1_7_7_230_150_1,https://cdn.akamai.steamstatic.com/steam/apps/1057090/capsule_sm_120.jpg?t=1605538811," Play the critically acclaimed masterpiece. Embark on a new journey in a vast, exotic world where you’ll encounter towering enemies and challenging puzzles on your quest to unravel Ori’s destiny. "
鬼谷八荒,10%,19.99,27 Jan 2021,6996,windows ,"Very Positive / 82% of 6,021",false, Early Access / Adventure / RPG / Exploration / Action-Adventure / Story Rich / 2D / Action RPG / Hand-drawn / Sandbox / Mythology / Strategy RPG / Tactical RPG / Fantasy / Choose Your Own Adventure / Management / Stylized / Colorful / Hack and Slash / Dating Sim ,鬼谷工作室,鬼谷工作室 / Lightning Games,Action / Adventure / Indie / RPG / Simulation / Early Access,"",https://store.steampowered.com/app/1468810/_/?snr=1_7_7_230_150_1,https://cdn.akamai.steamstatic.com/steam/apps/1468810/capsule_sm_120.jpg?t=1612011020," Tale of Immortal is an open-world sandbox based on Chinese mythology and cultivation. You will grow to become immortal, conquer the beasts from the Classic of Mountains and Season, make your choices carefully and grasp your own destiny. "
War Thunder,0,0,15 Aug 2013,199461,windows / mac/ linux,"Very Positive / 80% of 199,461",false, Free to Play / World War II / Multiplayer / Simulation / War / Flight / Tanks / Military / Massively Multiplayer / Action / Realistic / Historical / Shooter / Team-Based / Co-op / Strategy / Arcade / FPS / Open World / TrackIR ,Gaijin Entertainment,Gaijin Distribution KFT,Action / Free to Play / Massively Multiplayer / Simulation,81,https://store.steampowered.com/app/236390/War_Thunder/?snr=1_7_7_230_150_1,https://cdn.akamai.steamstatic.com/steam/apps/236390/capsule_sm_120.jpg?t=1610613442," War Thunder is the most comprehensive free-to-play, cross-platform, MMO military game dedicated to aviation, armoured vehicles, and naval craft from World War II and the Cold War. Join now and take part in major battles on land, in the air, and at sea, fighting with millions of players from all over the world in an ever-evolving... "
The Elder Scrolls V: Skyrim Special Edition,60%,39.99,27 Oct 2016,"",windows ,"Very Positive / 93% of 60,090",true,"","","","","",https://store.steampowered.com/app/489830/The_Elder_Scrolls_V_Skyrim_Special_Edition/?snr=1_7_7_230_150_1,https://cdn.akamai.steamstatic.com/steam/apps/489830/capsule_sm_120.jpg?t=1590515887,""
EA SPORTS™ FIFA 21,0,59.99,8 Oct 2020,20205,windows ,"Mostly Positive / 75% of 15,886",false, Sports / Soccer / PvP / Competitive / Football / Runner / eSports / Simulation / Multiplayer / Local Multiplayer / Controller / Realistic / Online Co-Op / Local Co-Op / Singleplayer / Modern / Co-op / Casual / Action / Great Soundtrack ,Electronic Arts,Electronic Arts,Simulation / Sports,"",https://store.steampowered.com/app/1313860/EA_SPORTS_FIFA_21/?snr=1_7_7_230_150_1,https://cdn.akamai.steamstatic.com/steam/apps/1313860/capsule_sm_120.jpg?t=1611078451," Football is back with EA SPORTS™ FIFA 21, featuring more ways to team up on the street or in the stadium to enjoy even bigger victories with friends. "
Dota 2,0,0,9 Jul 2013,1447202,windows / mac/ linux,"Very Positive / 84% of 1,447,202",false, Free to Play / MOBA / Multiplayer / Strategy / eSports / Team-Based / Competitive / Action / Online Co-Op / PvP / Difficult / Co-op / RTS / Tower Defense / RPG / Fantasy / Character Customization / Replay Value / Action RPG / Simulation ,Valve,Valve,Action / Free to Play / Strategy,90,https://store.steampowered.com/app/570/Dota_2/?snr=1_7_7_230_150_1,https://cdn.akamai.steamstatic.com/steam/apps/570/capsule_sm_120.jpg?t=1611720458," Every day, millions of players worldwide enter battle as one of over a hundred Dota heroes. And no matter if it's their 10th hour of play or 1,000th, there's always something new to discover. With regular updates that ensure a constant evolution of gameplay, features, and heroes, Dota 2 has taken on a life of its own. "
Among Us,0,4.99,16 Nov 2018,489469,windows ,"Overwhelmingly Positive / 95% of 432,013",false, Multiplayer / Online Co-Op / Space / Social Deduction / Survival / Funny / 2D / Psychological / Co-op / Local Multiplayer / Cartoony / Casual / Colorful / Indie / Sci-fi / Minigames / Aliens / Top-Down / Local Co-Op / PvP ,Innersloth,Innersloth,Casual,85,https://store.steampowered.com/app/945360/Among_Us/?snr=1_7_7_230_150_1,https://cdn.akamai.steamstatic.com/steam/apps/945360/capsule_sm_120.jpg?t=1611793703, An online and local party game of teamwork and betrayal for 4-10 players...in space! 
Raft,0,19.99,23 May 2018,99513,windows ,"Very Positive / 92% of 84,678",false, Survival / Open World Survival Craft / Multiplayer / Co-op / Crafting / Open World / Building / Base Building / Adventure / Online Co-Op / Sandbox / Early Access / First-Person / Singleplayer / Simulation / Underwater / Action / Indie / Strategy / Massively Multiplayer ,Redbeet Interactive,Axolot Games,Adventure / Indie / Simulation / Early Access,"",https://store.steampowered.com/app/648800/Raft/?snr=1_7_7_230_150_1,https://cdn.akamai.steamstatic.com/steam/apps/648800/capsule_sm_120.jpg?t=1602795811," Raft throws you and your friends into an epic oceanic adventure! Alone or together, players battle to survive a perilous voyage across a vast sea! Gather debris, scavenge reefs and build your own floating home, but be wary of the man-eating sharks! "
Football Manager 2021,20%,49.99,23 Nov 2020,11250,windows / mac,"Very Positive / 93% of 6,365",false, Sports / Simulation / Management / Singleplayer / Multiplayer / Soccer / Football / Strategy / Sexual Content ,Sports Interactive,SEGA,Simulation / Sports,"",https://store.steampowered.com/app/1263850/Football_Manager_2021/?snr=1_7_7_230_150_1,https://cdn.akamai.steamstatic.com/steam/apps/1263850/capsule_sm_120.jpg?t=1606827432," New additions and game upgrades deliver added levels of depth, drama and football authenticity. FM21 empowers you like never before to develop your skills and command success at your club. "
Warframe,0,0,25 Mar 2013,"",windows ,"Very Positive / 91% of 402,664",true,"","","","","",https://store.steampowered.com/app/230410/Warframe/?snr=1_7_7_230_150_1,https://cdn.akamai.steamstatic.com/steam/apps/230410/capsule_sm_120.jpg?t=1611613272,""
Red Dead Redemption 2,0,59.99,5 Dec 2019,"",windows ,"Very Positive / 83% of 141,072",true,"","","","","",https://store.steampowered.com/app/1174180/Red_Dead_Redemption_2/?snr=1_7_7_230_150_1,https://cdn.akamai.steamstatic.com/steam/apps/1174180/capsule_sm_120.jpg?t=1606935465,""
Age of Empires II: Definitive Edition,0,19.99,14 Nov 2019,67113,windows ,"Very Positive / 93% of 61,796",false, Strategy / RTS / City Builder / Multiplayer / Historical / Base Building / Medieval / Singleplayer / Classic / Resource Management / Remake / Real-Time / Tactical / Co-op / Action / Replay Value / 2D / Isometric / Adventure / Great Soundtrack ,Forgotten Empires / Tantalus Media / Wicked Witch,"",Strategy,84,https://store.steampowered.com/app/813780/Age_of_Empires_II_Definitive_Edition/?snr=1_7_7_230_150_2,https://cdn.akamai.steamstatic.com/steam/apps/813780/capsule_sm_120.jpg?t=1611680450," Age of Empires II: Definitive Edition celebrates the 20th anniversary of one of the most popular strategy games ever with stunning 4K Ultra HD graphics, a new and fully remastered soundtrack, and brand-new content, “The Last Khans” with 3 new campaigns and 4 new civilizations. "
Dead by Daylight,0,19.99,14 Jun 2016,"",windows ,"Very Positive / 83% of 306,874",true,"","","","","",https://store.steampowered.com/app/381210/Dead_by_Daylight/?snr=1_7_7_230_150_2,https://cdn.akamai.steamstatic.com/steam/apps/381210/capsule_sm_120.jpg?t=1611596474,""
Hades,0,24.99,17 Sep 2020,120459,windows / mac,"Overwhelmingly Positive / 98% of 111,261",false, Action Roguelike / Action / Indie / RPG / Roguelite / Hack and Slash / Roguelike / Great Soundtrack / Singleplayer / Dungeon Crawler / Mythology / Story Rich / Replay Value / Isometric / Difficult / Action RPG / Hand-drawn / Atmospheric / Dating Sim / Perma Death ,Supergiant Games,Supergiant Games,Action / Indie / RPG,93,https://store.steampowered.com/app/1145360/Hades/?snr=1_7_7_230_150_2,https://cdn.akamai.steamstatic.com/steam/apps/1145360/capsule_sm_120.jpg?t=1611818635," Defy the god of the dead as you hack and slash out of the Underworld in this rogue-like dungeon crawler from the creators of Bastion, Transistor, and Pyre. "
The Forest,0,19.99,30 Apr 2018,"",windows ,"Very Positive / 94% of 203,672",true,"","","","","",https://store.steampowered.com/app/242760/The_Forest/?snr=1_7_7_230_150_2,https://cdn.akamai.steamstatic.com/steam/apps/242760/capsule_sm_120.jpg?t=1590522045,""
The Sims™ 4,0,39.99,18 Jun 2020,14613,windows ,"Very Positive / 89% of 12,412",false, Life Sim / Simulation / Character Customization / Building / Casual / Romance / Funny / Relaxing / Cute / Immersive Sim / Singleplayer / Family Friendly / Cartoony / Fantasy / Atmospheric / Beautiful / Sexual Content / Realistic / Multiplayer / LGBTQ+ ,Maxis,Electronic Arts,Casual / Simulation,"",https://store.steampowered.com/app/1222670/The_Sims_4/?snr=1_7_7_230_150_2,https://cdn.akamai.steamstatic.com/steam/apps/1222670/capsule_sm_120.jpg?t=1611684155, Play with life and discover the possibilities. Unleash your imagination and create a world of Sims that’s wholly unique. Explore and customize every detail from Sims to homes–and much more. 
Assassin's Creed® Odyssey,70%,59.99,5 Oct 2018,93509,windows ,"Very Positive / 89% of 81,318",false, Open World / RPG / Assassin / Singleplayer / Action / Adventure / Historical / Stealth / Story Rich / Female Protagonist / Parkour / Third Person / Sexual Content / Choices Matter / Violent / Multiplayer / Atmospheric / Great Soundtrack / Nudity / Gore ,Ubisoft Quebec / Ubisoft Montreal / Ubisoft Bucharest / Ubisoft Singapore / Ubisoft Montpellier / Ubisoft Kiev / Ubisoft Shanghai,Ubisoft,Action / Adventure / RPG,"",https://store.steampowered.com/app/812140/Assassins_Creed_Odyssey/?snr=1_7_7_230_150_2,https://cdn.akamai.steamstatic.com/steam/apps/812140/capsule_sm_120.jpg?t=1602601042," Choose your fate in Assassin's Creed® Odyssey. From outcast to living legend, embark on an odyssey to uncover the secrets of your past and change the fate of Ancient Greece. "
Stardew Valley,0,14.99,26 Feb 2016,319289,windows / mac/ linux,"Overwhelmingly Positive / 97% of 267,252",false, Farming Sim / Life Sim / RPG / Pixel Graphics / Agriculture / Simulation / Relaxing / Multiplayer / Crafting / Sandbox / Indie / Building / Singleplayer / Casual / Open World / Great Soundtrack / 2D / Cute / Dating Sim / Fishing ,ConcernedApe,ConcernedApe,Indie / RPG / Simulation,89,https://store.steampowered.com/app/413150/Stardew_Valley/?snr=1_7_7_230_150_2,https://cdn.akamai.steamstatic.com/steam/apps/413150/capsule_sm_120.jpg?t=1608624324," You've inherited your grandfather's old farm plot in Stardew Valley. Armed with hand-me-down tools and a few coins, you set out to begin your new life. Can you learn to live off the land and turn these overgrown fields into a thriving home? "
ARK: Survival Evolved,0,49.99,27 Aug 2017,401911,windows / mac/ linux,"Mostly Positive / 79% of 317,594",false, Open World Survival Craft / Survival / Open World / Multiplayer / Dinosaurs / Crafting / Building / Adventure / Base Building / Co-op / Action / First-Person / Sandbox / Massively Multiplayer / Singleplayer / Early Access / RPG / Dragons / Sci-fi / Indie ,Studio Wildcard / Instinct Games / Efecto Studios / Virtual Basement LLC,Studio Wildcard,Action / Adventure / Indie / Massively Multiplayer / RPG,70,https://store.steampowered.com/app/346110/ARK_Survival_Evolved/?snr=1_7_7_230_150_2,https://cdn.akamai.steamstatic.com/steam/apps/346110/capsule_sm_120.jpg?t=1608086122," Stranded on the shores of a mysterious island, you must learn to survive. Use your cunning to kill or tame the primeval creatures roaming the land, and encounter other players to survive, dominate... and escape! "
Monster Hunter: World,0,29.99,9 Aug 2018,299819,windows ,"Very Positive / 85% of 178,406",false, Co-op / Multiplayer / Action / Open World / RPG / Third Person / Character Customization / Adventure / Fantasy / Singleplayer / Difficult / Action RPG / Exploration / Great Soundtrack / Replay Value / Atmospheric / Hack and Slash / JRPG / Souls-like / MMORPG ,"CAPCOM Co., Ltd.","CAPCOM Co., Ltd.",Action,88,https://store.steampowered.com/app/582010/Monster_Hunter_World/?snr=1_7_7_230_150_2,https://cdn.akamai.steamstatic.com/steam/apps/582010/capsule_sm_120.jpg?t=1602806745," Welcome to a new world! In Monster Hunter: World, the latest installment in the series, you can enjoy the ultimate hunting experience, using everything at your disposal to hunt monsters in a new world teeming with surprises and excitement. "
Hunt: Showdown,50%,39.99,27 Aug 2019,"",windows ,"Very Positive / 82% of 59,095",true,"","","","","",https://store.steampowered.com/app/594650/Hunt_Showdown/?snr=1_7_7_230_150_2,https://cdn.akamai.steamstatic.com/steam/apps/594650/capsule_sm_120.jpg?t=1611646905,""
Satisfactory,0,29.99,8 Jun 2020,43282,windows ,"Overwhelmingly Positive / 97% of 38,842",false, Base Building / Automation / Crafting / Open World / Multiplayer / Co-op / Resource Management / Building / Exploration / Sandbox / Adventure / Simulation / Strategy / Early Access / Indie / Open World Survival Craft / Survival / First-Person / Sci-fi / Singleplayer ,Coffee Stain Studios,"",Adventure / Indie / Simulation / Strategy / Early Access,"",https://store.steampowered.com/app/526870/Satisfactory/?snr=1_7_7_230_150_2,https://cdn.akamai.steamstatic.com/steam/apps/526870/capsule_sm_120.jpg?t=1598908784," Satisfactory is a first-person open-world factory building game with a dash of exploration and combat. Play alone or with friends, explore an alien planet, create multi-story factories, and enter conveyor belt heaven! "
Microsoft Flight Simulator,0,59.99,17 Aug 2020,21616,windows ,"Mostly Positive / 75% of 20,650",false, Simulation / Flight / Open World / Multiplayer / Realistic / Singleplayer / Atmospheric / Adventure / Physics / Real-Time / Colorful / Family Friendly / VR / TrackIR / Logic / Life Sim / Surreal / Beautiful / Short / Auto Battler ,Asobo Studio,"",Simulation,91,https://store.steampowered.com/app/1250410/Microsoft_Flight_Simulator/?snr=1_7_7_230_150_2,https://cdn.akamai.steamstatic.com/steam/apps/1250410/capsule_sm_120.jpg?t=1609777759," From light planes to wide-body jets, fly highly detailed and accurate aircraft in the next generation of Microsoft Flight Simulator. Test your piloting skills against the challenges of night flying, real-time atmospheric simulation and live weather in a dynamic and living world. "
SMITE®,0,0,8 Sep 2015,79067,windows ,"Very Positive / 81% of 79,067",false, Free to Play / MOBA / Multiplayer / Action / Third Person / Mythology / Team-Based / Competitive / Strategy / PvP / Co-op / Massively Multiplayer / eSports / RPG / MMORPG / Adventure / Funny / Nudity / Casual / Survival ,Titan Forge Games,"",Action / Free to Play,83,https://store.steampowered.com/app/386360/SMITE/?snr=1_7_7_230_150_2,https://cdn.akamai.steamstatic.com/steam/apps/386360/capsule_sm_120.jpg?t=1611736259," Join 35+ million players in SMITE, the Battleground of the Gods! Wield Thor’s hammer, turn your foes to stone as Medusa, or flex your divine power as one of 100+ other mythological icons. Become a God and play FREE today! "
Baldur's Gate 3,0,59.99,6 Oct 2020,"",windows / mac,"Very Positive / 88% of 31,074",true,"","","","","",https://store.steampowered.com/app/1086940/Baldurs_Gate_3/?snr=1_7_7_230_150_2,https://cdn.akamai.steamstatic.com/steam/apps/1086940/capsule_sm_120.jpg?t=1610008080,""
World of Warships,0,0,15 Nov 2017,71327,windows ,"Very Positive / 80% of 71,327",false, Naval Combat / Naval / Free to Play / Multiplayer / World War II / PvP / Military / Tactical / Team-Based / Strategy / War / Online Co-Op / Historical / Massively Multiplayer / Realistic / Co-op / Shooter / Simulation / Action / PvE ,Wargaming Group Limited,Wargaming Group Limited,Action / Free to Play / Massively Multiplayer / Simulation,81,https://store.steampowered.com/app/552990/World_of_Warships/?snr=1_7_7_230_150_2,https://cdn.akamai.steamstatic.com/steam/apps/552990/capsule_sm_120.jpg?t=1611838830," Experience epic, free-to-play naval combat when you helm one of over 300 historic vessels in the exciting balance of strategy and real-time combat that World of Warships offers. Outfit your fleet with flags, camouflages, modifications, talented Commanders, and more! "
Fall Guys: Ultimate Knockout,0,19.99,3 Aug 2020,339899,windows ,"Very Positive / 83% of 299,535",false, Multiplayer / Funny / Battle Royale / Online Co-Op / Family Friendly / Comedy / Party Game / Cute / Casual / Physics / Massively Multiplayer / Colorful / 3D Platformer / Indie / Co-op / Action / Controller / Great Soundtrack / Difficult / Local Co-Op ,Mediatonic,Devolver Digital,Action / Casual / Indie / Massively Multiplayer / Sports,80,https://store.steampowered.com/app/1097150/Fall_Guys_Ultimate_Knockout/?snr=1_7_7_230_150_2,https://cdn.akamai.steamstatic.com/steam/apps/1097150/capsule_sm_120_alt_assets_2.jpg?t=1608598304, Fall Guys is a massively multiplayer party game with up to 60 players online in a free-for-all struggle through round after round of escalating chaos until one victor remains! 
Wallpaper Engine,0,3.99,Nov 2018,296947,windows ,"Overwhelmingly Positive / 98% of 273,689",false, Utilities / Mature / Software / Anime / Design & Illustration / Animation & Modeling / Casual / Memes / Early Access / Indie / Cute / Funny / Action / Singleplayer / Music / Sandbox / NSFW / Photo Editing / Game Development / Horror ,Wallpaper Engine Team,Wallpaper Engine Team,Casual / Indie / Animation & Modeling / Design & Illustration / Photo Editing / Utilities,"",https://store.steampowered.com/app/431960/Wallpaper_Engine/?snr=1_7_7_230_150_2,https://cdn.akamai.steamstatic.com/steam/apps/431960/capsule_sm_120.jpg?t=1611938352, Use stunning live wallpapers on your desktop. Animate your own images to create new wallpapers or import videos/websites and share them on the Steam Workshop! 
Green Hell,30%,24.99,5 Sep 2019,28771,windows ,"Very Positive / 86% of 21,888",false, Survival / Open World Survival Craft / Open World / Crafting / Singleplayer / Realistic / Simulation / First-Person / Online Co-Op / Adventure / Indie / Base Building / Survival Horror / Horror / Exploration / Early Access / Sexual Content / Sandbox / Nudity / Psychological Horror ,Creepy Jar,Creepy Jar,Indie / Simulation,77,https://store.steampowered.com/app/815370/Green_Hell/?snr=1_7_7_230_150_2,https://cdn.akamai.steamstatic.com/steam/apps/815370/capsule_sm_120.jpg?t=1611908106," Green Hell is a sweltering struggle for survival in the Amazonian rainforest. Clinging to life, the player is set on a journey of durability as the effects of solitude wear heavy not only on the body but also the mind. How long can you survive against the dangers of the unknown? "
Team Fortress 2,0,0,10 Oct 2007,750409,windows / mac/ linux,"Very Positive / 94% of 750,409",false, Free to Play / Hero Shooter / Multiplayer / FPS / Shooter / Action / Class-Based / Team-Based / Funny / First-Person / Online Co-Op / Cartoony / Competitive / Trading / Co-op / Comedy / Robots / Tactical / Cartoon / Crafting ,Valve,Valve,Action / Free to Play,92,https://store.steampowered.com/app/440/Team_Fortress_2/?snr=1_7_7_230_150_2,https://cdn.akamai.steamstatic.com/steam/apps/440/capsule_sm_120.jpg?t=1592263852," Nine distinct classes provide a broad range of tactical abilities and personalities. Constantly updated with new game modes, maps, equipment and, most importantly, hats! "
Skul: The Hero Slayer,20%,19.99,20 Jan 2021,13003,windows / mac/ linux,"Very Positive / 93% of 11,708",false, Indie / Action / Action Roguelike / Roguelite / Pixel Graphics / 2D / Singleplayer / Roguelike / Platformer / Adventure / Side Scroller / Difficult / Villain Protagonist / Hack and Slash / Early Access / Action-Adventure / Fantasy / Story Rich / Metroidvania / Cute ,SouthPAW Games,NEOWIZ,Action / Indie,82,https://store.steampowered.com/app/1147560/Skul_The_Hero_Slayer/?snr=1_7_7_230_150_2,https://cdn.akamai.steamstatic.com/steam/apps/1147560/capsule_sm_120.jpg?t=1611621544," Guide 'Skul' on his quest to single-handedly take on the Imperial Army and rescue his King from captivity, in an action-packed rogue-lite 2D platformer for the ages. "
Cities: Skylines,0,29.99,10 Mar 2015,147880,windows / mac/ linux,"Very Positive / 92% of 110,096",false, City Builder / Simulation / Building / Strategy / Management / Sandbox / Singleplayer / Moddable / Economy / Resource Management / Realistic / Mod / Replay Value / Casual / Family Friendly / Real-Time with Pause / Modern / Great Soundtrack / Funny / Action ,Colossal Order Ltd.,Paradox Interactive,Simulation / Strategy,85,https://store.steampowered.com/app/255710/Cities_Skylines/?snr=1_7_7_230_150_2,https://cdn.akamai.steamstatic.com/steam/apps/255710/capsule_sm_120.jpg?t=1606821413, Cities: Skylines is a modern take on the classic city simulation. The game introduces new game play elements to realize the thrill and hardships of creating and maintaining a real city whilst expanding on some well-established tropes of the city building experience. 
Dead Cells,50%,24.99,6 Aug 2018,66914,windows / mac/ linux,"Overwhelmingly Positive / 96% of 56,694",false, Roguelite / Metroidvania / Replay Value / Souls-like / Roguelike / Roguevania / Action Roguelike / Pixel Graphics / Indie / Action / 2D / Hack and Slash / Difficult / Platformer / Atmospheric / Singleplayer / Early Access / Dark Fantasy / Funny / Procedural Generation ,Motion Twin,Motion Twin,Action / Indie,89,https://store.steampowered.com/app/588650/Dead_Cells/?snr=1_7_7_230_150_2,https://cdn.akamai.steamstatic.com/steam/apps/588650/capsule_sm_120_alt_assets_12.jpg?t=1611682054," Dead Cells is a rogue-lite, metroidvania inspired, action-platformer. You'll explore a sprawling, ever-changing castle... assuming you’re able to fight your way past its keepers in 2D souls-lite combat. No checkpoints. Kill, die, learn, repeat. "
Euro Truck Simulator 2,0,19.99,12 Oct 2012,389523,windows / mac/ linux,"Overwhelmingly Positive / 97% of 291,173",false, Simulation / Driving / Automobile Sim / Open World / Realistic / Relaxing / Singleplayer / Moddable / Exploration / First-Person / Economy / Atmospheric / Adventure / Indie / Management / Casual / TrackIR / Sandbox / Racing / RPG ,SCS Software,SCS Software,Indie / Simulation,79,https://store.steampowered.com/app/227300/Euro_Truck_Simulator_2/?snr=1_7_7_230_150_2,https://cdn.akamai.steamstatic.com/steam/apps/227300/capsule_sm_120_alt_assets_4.jpg?t=1611668462," Travel across Europe as king of the road, a trucker who delivers important cargo across impressive distances! With dozens of cities to explore, your endurance, skill and speed will all be pushed to their limits. "
RimWorld,0,34.99,17 Oct 2018,94789,windows / mac/ linux,"Overwhelmingly Positive / 98% of 77,999",false, Colony Sim / Base Building / Survival / Strategy / Management / Sandbox / Building / Simulation / City Builder / Procedural Generation / Western / Singleplayer / Sci-fi / Moddable / 2D / Indie / Tactical RPG / Cartoony / Space / Open World ,Ludeon Studios,Ludeon Studios,Indie / Simulation / Strategy,87,https://store.steampowered.com/app/294100/RimWorld/?snr=1_7_7_230_150_2,https://cdn.akamai.steamstatic.com/steam/apps/294100/capsule_sm_120.jpg?t=1594308831," A sci-fi colony sim driven by an intelligent AI storyteller. Generates stories by simulating psychology, ecology, gunplay, melee combat, climate, biomes, diplomacy, interpersonal relationships, art, medicine, trade, and more. "
Deep Rock Galactic,0,29.99,13 May 2020,72764,windows ,"Overwhelmingly Positive / 97% of 58,628",false, Co-op / Multiplayer / Class-Based / FPS / Action / Loot / PvE / Online Co-Op / First-Person / Looter Shooter / Shooter / Procedural Generation / Combat / Atmospheric / Dark / Sci-fi / Action Roguelike / Exploration / Singleplayer / Survival ,Ghost Ship Games,"",Action,85,https://store.steampowered.com/app/548430/Deep_Rock_Galactic/?snr=1_7_7_230_150_2,https://cdn.akamai.steamstatic.com/steam/apps/548430/capsule_sm_120.jpg?t=1606908542," Deep Rock Galactic is a 1-4 player co-op FPS featuring badass space Dwarves, 100% destructible environments, procedurally-generated caves, and endless hordes of alien monsters. "
Halo: The Master Chief Collection,0,39.99,3 Dec 2019,"",windows ,"Very Positive / 92% of 128,451",true,"","","","","",https://store.steampowered.com/app/976730/Halo_The_Master_Chief_Collection/?snr=1_7_7_230_150_3,https://cdn.akamai.steamstatic.com/steam/apps/976730/capsule_sm_120.jpg?t=1611767942,""
STAR WARS™: The Old Republic™,0,0,21 Jul 2020,20584,windows ,"Very Positive / 90% of 20,580",false, Free to Play / MMORPG / Multiplayer / Open World / Character Customization / RPG / Massively Multiplayer / Story Rich / Sci-fi / Choices Matter / Adventure / Action / PvP / Third Person / Space / Atmospheric / Action RPG / Party-Based RPG / CRPG / Great Soundtrack ,BioWare,Electronic Arts,Free to Play / Massively Multiplayer / RPG,85,https://store.steampowered.com/app/1286830/STAR_WARS_The_Old_Republic/?snr=1_7_7_230_150_3,https://cdn.akamai.steamstatic.com/steam/apps/1286830/capsule_sm_120.jpg?t=1603983952," STAR WARS™: The Old Republic™ is a free-to-play MMORPG that puts you at the center of your own story-driven saga. Play as a Jedi, Sith, Bounty Hunter, or one of many other iconic STAR WARS roles in the galaxy far, far away over three thousand years before the classic films. "
Factorio,0,30.00,14 Aug 2020,108986,windows / mac/ linux,"Overwhelmingly Positive / 98% of 87,025",false, Automation / Base Building / Resource Management / Sandbox / Crafting / Strategy / Multiplayer / Survival / Management / Open World / Casual / Co-op / 2D / Building / Moddable / Singleplayer / Pixel Graphics / City Builder / Simulation / Trains ,Wube Software LTD.,Wube Software LTD.,Casual / Indie / Simulation / Strategy,90,https://store.steampowered.com/app/427520/Factorio/?snr=1_7_7_230_150_3,https://cdn.akamai.steamstatic.com/steam/apps/427520/capsule_sm_120.jpg?t=1611916620," Factorio is a game about building and creating automated factories to produce items of increasing complexity, within an infinite 2D world. Use your imagination to design your factory, combine simple elements into ingenious structures, and finally protect it from the creatures who don't really like you. "
Total War: WARHAMMER II,0,59.99,28 Sep 2017,85758,windows / mac/ linux,"Very Positive / 93% of 59,333",false, Strategy / Fantasy / Turn-Based Strategy / RTS / Grand Strategy / War / Multiplayer / Games Workshop / Action / Turn-Based / Singleplayer / Dark Fantasy / Co-op / Tactical / Real Time Tactics / Story Rich / Atmospheric / Dinosaurs / Great Soundtrack / Warhammer 40K ,CREATIVE ASSEMBLY / Feral Interactive (Mac) / Feral Interactive (Linux),SEGA / Feral Interactive (Mac) / Feral Interactive (Linux),Action / Strategy,87,https://store.steampowered.com/app/594570/Total_War_WARHAMMER_II/?snr=1_7_7_230_150_3,https://cdn.akamai.steamstatic.com/steam/apps/594570/capsule_sm_120.jpg?t=1607079096," Strategy gaming perfected. A breath-taking campaign of exploration, expansion and conquest across a fantasy world. Turn-based civilisation management and real-time epic strategy battles with thousands of troops and monsters at your command. "
Planet Zoo,0,44.99,5 Nov 2019,37385,windows ,"Very Positive / 89% of 32,196",false, Simulation / Management / Building / Sandbox / Nature / City Builder / Economy / Family Friendly / Realistic / Great Soundtrack / Singleplayer / Resource Management / Cute / Strategy / Relaxing / Funny / Casual / Open World / Horses / Atmospheric ,Frontier Developments,Frontier Developments ,Casual / Simulation / Strategy,81,https://store.steampowered.com/app/703080/Planet_Zoo/?snr=1_7_7_230_150_3,https://cdn.akamai.steamstatic.com/steam/apps/703080/capsule_sm_120.jpg?t=1607429152," Build a world for wildlife in Planet Zoo. From the developers of Planet Coaster and Zoo Tycoon comes the ultimate zoo sim. Construct detailed habitats, manage your zoo, and meet authentic living animals who think, feel and explore the world you create around them. "
Tabletop Simulator,0,19.99,5 Jun 2015,38153,windows / mac/ linux,"Overwhelmingly Positive / 95% of 23,991",false, Tabletop / Board Game / Simulation / Multiplayer / Sandbox / Card Game / Physics / VR / Casual / Strategy / Moddable / Online Co-Op / RPG / Indie / Co-op / Singleplayer / Chess / Relaxing / Gambling / Strategy RPG ,Berserk Games,Berserk Games,Casual / Indie / RPG / Simulation / Strategy,"",https://store.steampowered.com/app/286160/Tabletop_Simulator/?snr=1_7_7_230_150_3,https://cdn.akamai.steamstatic.com/steam/apps/286160/capsule_sm_120.jpg?t=1612034764," Tabletop Simulator is the only simulator where you can let your aggression out by flipping the table! There are no rules to follow: just you, a physics sandbox, and your friends. Make your own online board games or play the thousands of community created mods. Unlimited gaming possibilities! "
The Medium,10%,49.99,Jan 2021,877,windows ,Very Positive / 81% of 717,false, Adventure / Horror / Atmospheric / Female Protagonist / Psychological Horror / Sexual Content / Third Person / Gore / Violent / Story Rich / Dark / Singleplayer / Psychological / Great Soundtrack / Mature / Action / Indie / Walking Simulator / Soundtrack / Classic ,Bloober Team,Bloober Team SA,Adventure,"",https://store.steampowered.com/app/1293160/The_Medium/?snr=1_7_7_230_150_3,https://cdn.akamai.steamstatic.com/steam/apps/1293160/capsule_sm_120.jpg?t=1611865084," Discover a dark mystery only a medium can solve. Travel to an abandoned communist resort and use your unique psychic abilities to uncover its deeply disturbing secrets, solve dual-reality puzzles, survive encounters with sinister spirits, and explore two realities at the same time. "
Half-Life: Alyx,0,59.99,23 Mar 2020,51623,windows ,"Overwhelmingly Positive / 98% of 43,069",false, VR / FPS / Story Rich / Shooter / Horror / Female Protagonist / First-Person / Action / Zombies / Atmospheric / Singleplayer / Sci-fi / Beautiful / Adventure / Aliens / Psychological Horror / Futuristic / Memes / Great Soundtrack / Gore ,Valve,Valve,Action / Adventure,93,https://store.steampowered.com/app/546560/HalfLife_Alyx/?snr=1_7_7_230_150_3,https://cdn.akamai.steamstatic.com/steam/apps/546560/capsule_sm_120.jpg?t=1605207546," Half-Life: Alyx is Valve’s VR return to the Half-Life series. It’s the story of an impossible fight against a vicious alien race known as the Combine, set between the events of Half-Life and Half-Life 2. Playing as Alyx Vance, you are humanity’s only chance for survival. "
Bloons TD 6,0,9.99,17 Dec 2018,61473,windows / mac,"Overwhelmingly Positive / 96% of 54,441",false, Strategy / Tower Defense / Singleplayer / Multiplayer / Co-op / Online Co-Op / Family Friendly / Casual / 3D / Sandbox / Cartoony / Funny / Difficult / Great Soundtrack / Survival / Action / Cute / 2D / Indie / Adventure ,Ninja Kiwi,Ninja Kiwi,Strategy,"",https://store.steampowered.com/app/960090/Bloons_TD_6/?snr=1_7_7_230_150_3,https://cdn.akamai.steamstatic.com/steam/apps/960090/capsule_sm_120.jpg?t=1593469824, The Bloons are back and better than ever! Get ready for a massive 3D tower defense game designed to give you hours and hours of the best strategy gaming available. 
Crusader Kings III,0,49.99,1 Sep 2020,"",windows / mac/ linux,"Very Positive / 93% of 31,290",true,"","","","","",https://store.steampowered.com/app/1158310/Crusader_Kings_III/?snr=1_7_7_230_150_3,https://cdn.akamai.steamstatic.com/steam/apps/1158310/capsule_sm_120.jpg?t=1606327466,""
Beat Saber,0,29.99,21 May 2019,46476,windows ,"Overwhelmingly Positive / 96% of 42,528",false, VR / Rhythm / Music / Great Soundtrack / Indie / Fast-Paced / Singleplayer / Moddable / First-Person / Difficult / Swordplay / Multiplayer / Action / Sports / Memes / Futuristic / Early Access / Music-Based Procedural Generation / Casual / Anime ,Beat Games,Beat Games,Indie,93,https://store.steampowered.com/app/620980/Beat_Saber/?snr=1_7_7_230_150_3,https://cdn.akamai.steamstatic.com/steam/apps/620980/capsule_sm_120_alt_assets_1.jpg?t=1605633883," Beat Saber is a VR rhythm game where you slash the beats of adrenaline-pumping music as they fly towards you, surrounded by a futuristic world. "
Yu-Gi-Oh! Duel Links,0,0,16 Nov 2017,27261,windows ,"Very Positive / 83% of 27,261",false, Free to Play / Card Game / Strategy / Anime / Multiplayer / Trading Card Game / Singleplayer / Turn-Based / Competitive / Casual / RPG / Great Soundtrack / Online Co-Op / Action / Memes / Adventure / Simulation / Massively Multiplayer / Survival / MMORPG ,Konami Digital Entertainment,Konami Digital Entertainment,Free to Play / Strategy,"",https://store.steampowered.com/app/601510/YuGiOh_Duel_Links/?snr=1_7_7_230_150_3,https://cdn.akamai.steamstatic.com/steam/apps/601510/capsule_sm_120.jpg?t=1602636558," Take on Duelists around the world with ""Yu-Gi-Oh! Duel Links""! Step into a world that crosses dimensions and connects all Duelists. In Duel World, any location transforms into a Duel Field where heated Duels unfold! "
Disco Elysium,40%,39.99,15 Oct 2019,27905,windows / mac,"Very Positive / 94% of 25,996",false, RPG / Choices Matter / Story Rich / Detective / Isometric / Atmospheric / Singleplayer / CRPG / Great Soundtrack / Noir / Character Customization / Open World / Surreal / Adventure / Indie / Exploration / Funny / Point & Click / Sexual Content / Fantasy ,ZA/UM,ZA/UM,RPG,91,https://store.steampowered.com/app/632470/Disco_Elysium/?snr=1_7_7_230_150_3,https://cdn.akamai.steamstatic.com/steam/apps/632470/capsule_sm_120.jpg?t=1611593550," Disco Elysium is a groundbreaking role playing game. You’re a detective with a unique skill system at your disposal and a whole city block to carve your path across. Interrogate unforgettable characters, crack murders or take bribes. Become a hero or an absolute disaster of a human being. "
FINAL FANTASY XIV Online,0,19.99,18 Feb 2014,"",windows ,"Very Positive / 87% of 27,291",true,"","","","","",https://store.steampowered.com/app/39210/FINAL_FANTASY_XIV_Online/?snr=1_7_7_230_150_3,https://cdn.akamai.steamstatic.com/steam/apps/39210/capsule_sm_120.jpg?t=1610040854,""
DayZ,0,44.99,13 Dec 2018,"",windows ,"Mixed / 67% of 213,455",true,"","","","","",https://store.steampowered.com/app/221100/DayZ/?snr=1_7_7_230_150_3,https://cdn.akamai.steamstatic.com/steam/apps/221100/capsule_sm_120.jpg?t=1608209844,""
Stellaris,0,39.99,9 May 2016,95148,windows / mac/ linux,"Very Positive / 86% of 68,549",false, Space / Grand Strategy / Sci-fi / Exploration / Strategy / 4X / Sandbox / Simulation / Moddable / Real-Time with Pause / Singleplayer / Diplomacy / Multiplayer / Management / Futuristic / Procedural Generation / Great Soundtrack / Military / Atmospheric / Replay Value ,Paradox Development Studio,Paradox Interactive,Simulation / Strategy,78,https://store.steampowered.com/app/281990/Stellaris/?snr=1_7_7_230_150_3,https://cdn.akamai.steamstatic.com/steam/apps/281990/capsule_sm_120.jpg?t=1605082223," Explore a galaxy full of wonders in this sci-fi grand strategy game from Paradox Development Studios. Interact with diverse alien races, discover strange new worlds with unexpected events and expand the reach of your empire. Each new adventure holds almost limitless possibilities. "
House Flipper,35%,19.99,17 May 2018,36591,windows / mac,"Very Positive / 91% of 33,352",false, Simulation / Building / Singleplayer / Design & Illustration / Realistic / Relaxing / First-Person / Indie / Casual / Destruction / Family Friendly / Sandbox / Economy / Management / Base Building / Multiplayer / Education / Strategy / Memes / Funny ,Empyrean,Frozen District / PlayWay S.A.,Indie / Simulation,68,https://store.steampowered.com/app/613100/House_Flipper/?snr=1_7_7_230_150_3,https://cdn.akamai.steamstatic.com/steam/apps/613100/capsule_sm_120.jpg?t=1610633400," House Flipper is a unique chance to become a one-man renovation crew. Buy, repair and remodel devastated houses. Give them a second life and sell them at a profit! "
Farming Simulator 19,0,19.99,19 Nov 2018,39039,windows / mac,"Very Positive / 92% of 33,021",false, Simulation / Farming Sim / Multiplayer / Agriculture / Realistic / Open World / Driving / Automobile Sim / Singleplayer / Management / Moddable / Co-op / Resource Management / Relaxing / First-Person / Online Co-Op / Economy / Atmospheric / Strategy / Family Friendly ,Giants Software,Focus Home Interactive,Simulation,73,https://store.steampowered.com/app/787860/Farming_Simulator_19/?snr=1_7_7_230_150_3,https://cdn.akamai.steamstatic.com/steam/apps/787860/capsule_sm_120.jpg?t=1611657131," The best-selling franchise takes a giant leap forward with a complete overhaul of the graphics engine, offering the most striking and immersive visuals and effects, along with the deepest and most complete farming experience ever. "
Terraria,0,9.99,16 May 2011,677765,windows / mac/ linux,"Overwhelmingly Positive / 97% of 531,765",false, Open World Survival Craft / Sandbox / Survival / 2D / Multiplayer / Adventure / Crafting / Building / Pixel Graphics / Exploration / Co-op / Open World / Indie / Online Co-Op / Action / RPG / Singleplayer / Platformer / Replay Value / Atmospheric ,Re-Logic,Re-Logic,Action / Adventure / Indie / RPG,83,https://store.steampowered.com/app/105600/Terraria/?snr=1_7_7_230_150_3,https://cdn.akamai.steamstatic.com/steam/apps/105600/capsule_sm_120.jpg?t=1590092560," Dig, fight, explore, build! Nothing is impossible in this action-packed adventure game. Four Pack also available! "
EVERSPACE™ 2,0,39.99,18 Jan 2021,1506,windows ,"Very Positive / 93% of 1,343",false, Early Access / Space / Looter Shooter / Flight / Space Sim / RPG / Open World / Third Person / Exploration / First-Person / Action / Shooter / Sci-fi / Action RPG / Fast-Paced / Loot / 6DOF / Singleplayer / Inventory Management / Crafting ,ROCKFISH Games,ROCKFISH Games,Action / Adventure / RPG / Simulation / Early Access,"",https://store.steampowered.com/app/1128920/EVERSPACE_2/?snr=1_7_7_230_150_3,https://cdn.akamai.steamstatic.com/steam/apps/1128920/capsule_sm_120.jpg?t=1611612184," EVERSPACE™ 2 is a fast-paced single-player spaceship shooter with deep exploration in space and on planets, tons of loot, RPG elements, mining, and crafting. Experience a thoughtful story, set in a vivid, handcrafted open world full of secrets, puzzles, and perils. "
Phantasy Star Online 2,0,0,5 Aug 2020,"",windows ,"Very Positive / 84% of 8,399",true,"","","","","",https://store.steampowered.com/app/1056640/Phantasy_Star_Online_2/?snr=1_7_7_230_150_3,https://cdn.akamai.steamstatic.com/steam/apps/1056640/capsule_sm_120.jpg?t=1607506008,""
Assassin's Creed® Origins,80%,59.99,26 Oct 2017,"",windows ,"Very Positive / 85% of 56,227",true,"","","","","",https://store.steampowered.com/app/582160/Assassins_Creed_Origins/?snr=1_7_7_230_150_3,https://cdn.akamai.steamstatic.com/steam/apps/582160/capsule_sm_120.jpg?t=1603213581,""
Prison Architect,75%,29.99,6 Oct 2015,52988,windows / mac/ linux,"Very Positive / 91% of 52,500",false, Simulation / Building / Strategy / Sandbox / Base Building / Colony Sim / Management / City Builder / 2D / Top-Down / Economy / Resource Management / Capitalism / Funny / Moddable / Singleplayer / Multiplayer / Replay Value / Indie / Casual ,Double Eleven / Introversion Software,Paradox Interactive,Indie / Simulation / Strategy,83,https://store.steampowered.com/app/233450/Prison_Architect/?snr=1_7_7_230_150_3,https://cdn.akamai.steamstatic.com/steam/apps/233450/capsule_sm_120_alt_assets_3.jpg?t=1611858285, Only the world’s most ruthless Warden can contain the world’s most ruthless inmates. Design and develop your personalized penitentiary in Prison Architect. 
F1® 2020,60%,59.99,9 Jul 2020,21308,windows ,"Very Positive / 94% of 12,906",false, Racing / Sports / Simulation / Multiplayer / Automobile Sim / Difficult / Split Screen / Realistic / Strategy / Management / Driving / Singleplayer / Arcade / VR / Local Multiplayer ,Codemasters,Codemasters,Racing / Simulation / Sports,"",https://store.steampowered.com/app/1080110/F1_2020/?snr=1_7_7_230_150_3,https://cdn.akamai.steamstatic.com/steam/apps/1080110/capsule_sm_120.jpg?t=1611763281," F1® 2020 allows you to create your F1® team for the very first time and race alongside the official teams and drivers. Alternatively, challenge your friends in new split-screen with casual race options for more relaxed racing. Compete on 22 circuits, with current and classic content. "
Age of Empires II: Definitive Edition - Lords of the West,0,9.99,26 Jan 2021,227,windows ,Mostly Positive / 71% of 220,false, Strategy ,Forgotten Empires / Tantalus Media / Wicked Witch,Xbox Game Studios,Strategy,"",https://store.steampowered.com/app/1389240/Age_of_Empires_II_Definitive_Edition__Lords_of_the_West/?snr=1_7_7_230_150_3,https://cdn.akamai.steamstatic.com/steam/apps/1389240/capsule_sm_120.jpg?t=1611683591,""
Squad,0,49.99,23 Sep 2020,73900,windows ,"Very Positive / 89% of 54,136",false, Military / FPS / Realistic / Multiplayer / Tactical / Shooter / War / Team-Based / Action / First-Person / Strategy / Simulation / Open World / Early Access / Co-op / Massively Multiplayer / Atmospheric / Walking Simulator / Indie / Singleplayer ,Offworld Industries,Offworld Industries,Action / Indie / Strategy,"",https://store.steampowered.com/app/393380/Squad/?snr=1_7_7_230_150_4,https://cdn.akamai.steamstatic.com/steam/apps/393380/capsule_sm_120.jpg?t=1605299997," Squad is a tactical FPS that provides authentic combat experiences through teamwork, constant communication, and gameplay. It bridges the large gap between arcade shooter and military simulation with 100 player battles, combined arms combat, base building, and a great integrated VoIP... "
Atelier Ryza 2: Lost Legends & the Secret Fairy,0,59.99,25 Jan 2021,526,windows ,Very Positive / 90% of 383,false, JRPG / RPG / Female Protagonist / Fantasy / Adventure / Singleplayer / Anime / Crafting / Sexual Content / Open World / Cute / Simulation / Mature / Action / Story Rich / Nudity / Casual / Memes ,"KOEI TECMO GAMES CO., LTD.","KOEI TECMO GAMES CO., LTD.",RPG,"",https://store.steampowered.com/app/1257290/Atelier_Ryza_2_Lost_Legends__the_Secret_Fairy/?snr=1_7_7_230_150_4,https://cdn.akamai.steamstatic.com/steam/apps/1257290/capsule_sm_120.jpg?t=1611630610," This story takes place three years after the events of the previous game “Atelier Ryza: Ever Darkness & the Secret Hideout,” and depicts the reunion of Ryza and her friends, who go through new encounters and goodbyes to discover a true priceless treasure. "
theHunter: Call of the Wild™,0,19.99,16 Feb 2017,67859,windows ,"Very Positive / 86% of 56,295",false, Hunting / Open World / Multiplayer / First-Person / Simulation / Shooter / Adventure / Realistic / Co-op / Survival / FPS / Action / Singleplayer / Walking Simulator / Atmospheric / Sports / Online Co-Op / Combat / Strategy / Gore ,Expansive Worlds,Expansive Worlds,Adventure / Simulation / Sports,"",https://store.steampowered.com/app/518790/theHunter_Call_of_the_Wild/?snr=1_7_7_230_150_4,https://cdn.akamai.steamstatic.com/steam/apps/518790/capsule_sm_120.jpg?t=1607595944," Experience an atmospheric hunting game like no other in this realistic and visually breathtaking open world. Immerse yourself in the atmospheric single player campaign, or share the ultimate hunting experience with friends. "
Grounded,0,29.99,28 Jul 2020,16582,windows ,"Very Positive / 88% of 13,256",false, Survival / Adventure / Multiplayer / Crafting / Co-op / Action / Base Building / Open World Survival Craft / Horror / Early Access / Open World / Exploration / Online Co-Op / First-Person / Singleplayer / Sandbox / RPG / Third Person / Funny / Cute ,Obsidian Entertainment,"",Action / Adventure / Early Access,"",https://store.steampowered.com/app/962130/Grounded/?snr=1_7_7_230_150_4,https://cdn.akamai.steamstatic.com/steam/apps/962130/capsule_sm_120.jpg?t=1608148728," The world is a vast, beautiful and dangerous place – especially when you have been shrunk to the size of an ant. Can you thrive alongside the hordes of giant insects, fighting to survive the perils of the backyard? "
The Jackbox Party Pack 7,0,29.99,14 Oct 2020,1604,windows / mac/ linux,"Overwhelmingly Positive / 96% of 1,362",false, Party Game / Party / Word Game / Board Game / Funny / 2D / Team-Based / Colorful / Family Friendly / Comedy / Cartoon / Trivia / Co-op / Casual / Local Co-Op / Local Multiplayer / Indie / Multiplayer / Controller / Singleplayer ,"Jackbox Games, Inc.","Jackbox Games, Inc.",Casual / Indie,"",https://store.steampowered.com/app/1211630/The_Jackbox_Party_Pack_7/?snr=1_7_7_230_150_4,https://cdn.akamai.steamstatic.com/steam/apps/1211630/capsule_sm_120.jpg?t=1606862201," Five new games: the hit threequel Quiplash 3, the collaborative chaos of The Devils and the Details, the fierce drawing game Champ’d Up, the speech game Talking Points and the guessing game Blather 'Round. Use phones or tablets as controllers and play with up to 8 players, and an audience of 10,000! "
BeamNG.drive,0,24.99,29 May 2015,60924,windows ,"Overwhelmingly Positive / 95% of 53,389",false, Simulation / Driving / Destruction / Physics / Automobile Sim / Realistic / Racing / Open World / Sandbox / Moddable / Singleplayer / Early Access / Funny / First-Person / Multiplayer / Third Person / Action / Adventure / Casual / Beat 'em up ,BeamNG,BeamNG,Racing / Simulation / Early Access,"",https://store.steampowered.com/app/284160/BeamNGdrive/?snr=1_7_7_230_150_4,https://cdn.akamai.steamstatic.com/steam/apps/284160/capsule_sm_120.jpg?t=1596721340, A dynamic soft-body physics vehicle simulator capable of doing just about anything. 
Don't Starve Together,0,14.99,21 Apr 2016,240114,windows / mac/ linux,"Overwhelmingly Positive / 96% of 153,698",false, Survival / Open World Survival Craft / Multiplayer / Co-op / Open World / Adventure / Crafting / Online Co-Op / Sandbox / Difficult / Indie / 2D / Funny / Atmospheric / Survival Horror / Strategy / Singleplayer / Horror / Action / Simulation ,Klei Entertainment,Klei Entertainment,Adventure / Indie / Simulation,83,https://store.steampowered.com/app/322330/Dont_Starve_Together/?snr=1_7_7_230_150_4,https://cdn.akamai.steamstatic.com/steam/apps/322330/capsule_sm_120.jpg?t=1608060905, Don't Starve Together is the standalone multiplayer expansion of the uncompromising survival game Don't Starve. 
Borderlands 3,0,59.99,13 Mar 2020,67607,windows ,"Very Positive / 83% of 53,083",false, RPG / Action / Looter Shooter / FPS / Online Co-Op / Multiplayer / Shooter / Open World / Co-op / Loot / Co-op Campaign / Singleplayer / Gore / Violent / First-Person / Adventure / Nudity / Great Soundtrack / Epic / Comedy ,Gearbox Software,2K,Action / RPG,81,https://store.steampowered.com/app/397540/Borderlands_3/?snr=1_7_7_230_150_4,https://cdn.akamai.steamstatic.com/steam/apps/397540/capsule_sm_120.jpg?t=1611688304," The original shooter-looter returns, packing bazillions of guns and a mayhem-fueled adventure! Blast through new worlds & enemies and save your home from the most ruthless cult leaders in the galaxy. "
Monster Hunter World: Iceborne,0,39.99,9 Jan 2020,17127,windows ,"Mixed / 51% of 13,212",false, Action / Multiplayer / Open World / Co-op / Hunting / Difficult / Third Person / Online Co-Op / Adventure / Singleplayer / Character Customization / RPG / Hack and Slash / Exploration / JRPG / Dragons / Story Rich / Souls-like / PvE / MMORPG ,"CAPCOM Co., Ltd.","CAPCOM Co., Ltd.",Action,"",https://store.steampowered.com/app/1118010/Monster_Hunter_World_Iceborne/?snr=1_7_7_230_150_4,https://cdn.akamai.steamstatic.com/steam/apps/1118010/capsule_sm_120.jpg?t=1605143784,""
The Witcher® 3: Wild Hunt,0,39.99,18 May 2015,471625,windows ,"Overwhelmingly Positive / 98% of 431,464",false, Open World / RPG / Story Rich / Atmospheric / Mature / Fantasy / Adventure / Singleplayer / Choices Matter / Nudity / Great Soundtrack / Third Person / Action / Medieval / Multiple Endings / Action RPG / Dark Fantasy / Magic / Dark / Sandbox ,CD PROJEKT RED,CD PROJEKT RED,RPG,93,https://store.steampowered.com/app/292030/The_Witcher_3_Wild_Hunt/?snr=1_7_7_230_150_4,https://cdn.akamai.steamstatic.com/steam/apps/292030/capsule_sm_120.jpg?t=1607418742," As war rages on throughout the Northern Realms, you take on the greatest contract of your life — tracking down the Child of Prophecy, a living weapon that can alter the shape of the world. "
Journey To The Savage Planet,40%,29.99,28 Jan 2021,242,windows ,Very Positive / 89% of 229,false, Adventure / Action / Action-Adventure / Arcade / Exploration / 3D Platformer / Shoot 'Em Up / Colorful / First-Person / 1990's / Comedy / Dark Comedy / Dark Humor / Story Rich / Singleplayer / Multiplayer / 1980s / Violent / Sexual Content / Co-op ,Typhoon,505 Games,Action / Adventure,76,https://store.steampowered.com/app/973810/Journey_To_The_Savage_Planet/?snr=1_7_7_230_150_4,https://cdn.akamai.steamstatic.com/steam/apps/973810/capsule_sm_120.jpg?t=1611868322," ""WELCOME TO THE PIONEER PROGRAM! As the newest recruit of Kindred Aerospace - The 4th best interstellar space exploration company - Your job is to determine if the planet ARY-26 planet is fit for humans. You may be short on equipment and experience, but you'll figure it out. Good luck! "
American Truck Simulator,0,19.99,2 Feb 2016,71692,windows / mac/ linux,"Overwhelmingly Positive / 95% of 56,583",false, Automobile Sim / Simulation / Driving / Open World / America / Realistic / Multiplayer / Singleplayer / Relaxing / Moddable / First-Person / Exploration / Economy / Atmospheric / Adventure / Casual / Indie / Family Friendly / Management / Third Person ,SCS Software,SCS Software,Indie / Simulation,76,https://store.steampowered.com/app/270880/American_Truck_Simulator/?snr=1_7_7_230_150_4,https://cdn.akamai.steamstatic.com/steam/apps/270880/capsule_sm_120_alt_assets_4.jpg?t=1611668286," Experience legendary American trucks and deliver various cargoes across sunny California, sandy Nevada, and the Grand Canyon State of Arizona. American Truck Simulator takes you on a journey through the breathtaking landscapes and widely recognized landmarks around the States. "
The Binding of Isaac: Rebirth,0,14.99,4 Nov 2014,"",windows / mac/ linux,"Overwhelmingly Positive / 98% of 109,000",true,"","","","","",https://store.steampowered.com/app/250900/The_Binding_of_Isaac_Rebirth/?snr=1_7_7_230_150_4,https://cdn.akamai.steamstatic.com/steam/apps/250900/capsule_sm_120.jpg?t=1611221171,""
Pummel Party,0,14.99,20 Sep 2018,24013,windows ,"Very Positive / 91% of 19,151",false, Multiplayer / Funny / Online Co-Op / 4 Player Local / Board Game / Casual / Co-op / Local Multiplayer / Indie / Action / Minigames / Local Co-Op / Comedy / Party / Party Game / Tabletop / Colorful / Gore / Controller / Beat 'em up ,Rebuilt Games,Rebuilt Games,Action / Casual / Indie,"",https://store.steampowered.com/app/880940/Pummel_Party/?snr=1_7_7_230_150_4,https://cdn.akamai.steamstatic.com/steam/apps/880940/capsule_sm_120.jpg?t=1585242250, Pummel Party is a 4-8 player online and local-multiplayer party game. Pummel friends or AI using a wide array of absurd items in the board mode and compete to destroy friendships in the unique collection of minigames. 
Fallout 76,0,39.99,14 Apr 2020,"",windows ,"Mostly Positive / 77% of 19,007",true,"","","","","",https://store.steampowered.com/app/1151340/Fallout_76/?snr=1_7_7_230_150_4,https://cdn.akamai.steamstatic.com/steam/apps/1151340/capsule_sm_120.jpg?t=1609880734,""
Horizon Zero Dawn™ Complete Edition,0,49.99,7 Aug 2020,41417,windows ,"Mostly Positive / 78% of 31,927",false, Adventure / Open World / Female Protagonist / Action / RPG / Singleplayer / Story Rich / Post-apocalyptic / Robots / Sci-fi / Exploration / Third Person / Beautiful / Atmospheric / Great Soundtrack / Action RPG / Archery / Hunting / Dinosaurs / Multiplayer ,Guerrilla,"PlayStation Mobile, Inc.",Action / Adventure / RPG,"",https://store.steampowered.com/app/1151640/Horizon_Zero_Dawn_Complete_Edition/?snr=1_7_7_230_150_4,https://cdn.akamai.steamstatic.com/steam/apps/1151640/capsule_sm_120.jpg?t=1605570736, Experience Aloy’s legendary quest to unravel the mysteries of a future Earth ruled by Machines. Use devastating tactical attacks against your prey and explore a majestic open world in this award-winning action RPG! 
World of Tanks Blitz,0,0,9 Nov 2016,65951,windows / mac,"Mostly Positive / 79% of 65,951",false, Tanks / Free to Play / Action / Multiplayer / World War II / Massively Multiplayer / War / Shooter / PvP / Strategy / Military / Online Co-Op / Simulation / Competitive / FPS / Arcade / Singleplayer / Psychological Horror / Open World / First-Person ,Wargaming Group Limited,Wargaming Group Limited,Action / Free to Play / Massively Multiplayer,"",https://store.steampowered.com/app/444200/World_of_Tanks_Blitz/?snr=1_7_7_230_150_4,https://cdn.akamai.steamstatic.com/steam/apps/444200/capsule_sm_120.jpg?t=1611742052, Celebrate Lunar New Year! Get the formidable Ox tank in Operation Lichun and a mountain of resources in Lunar Rising. 
Divinity: Original Sin 2 - Definitive Edition,0,44.99,14 Sep 2017,114018,windows / mac,"Overwhelmingly Positive / 95% of 98,607",false, RPG / Choices Matter / Turn-Based Combat / Open World / Story Rich / Co-op Campaign / Multiplayer / Character Customization / Party-Based RPG / Fantasy / Crafting / CRPG / Isometric / Moddable / PvP / Turn-Based / Strategy / Turn-Based Tactics / Female Protagonist / Co-op ,Larian Studios,Larian Studios,Adventure / RPG / Strategy,93,https://store.steampowered.com/app/435150/Divinity_Original_Sin_2__Definitive_Edition/?snr=1_7_7_230_150_4,https://cdn.akamai.steamstatic.com/steam/apps/435150/capsule_sm_120.jpg?t=1607718127," The critically acclaimed RPG that raised the bar, from the creators of Baldur's Gate 3. Gather your party. Master deep, tactical combat. Venture as a party of up to four - but know that only one of you will have the chance to become a God. "
Garry's Mod,0,9.99,29 Nov 2006,658796,windows / mac/ linux,"Overwhelmingly Positive / 96% of 554,192",false, Sandbox / Multiplayer / Funny / Moddable / Building / Comedy / Co-op / Mod / First-Person / Physics / Simulation / Online Co-Op / FPS / Singleplayer / Action / Shooter / Animation & Modeling / Indie / Adventure / Massively Multiplayer ,Facepunch Studios,Valve,Indie / Simulation,NA,https://store.steampowered.com/app/4000/Garrys_Mod/?snr=1_7_7_230_150_4,https://cdn.akamai.steamstatic.com/steam/apps/4000/capsule_sm_120.jpg?t=1601306982, Garry's Mod is a physics sandbox. There aren't any predefined aims or goals. We give you the tools and leave you to play. 
Resident Evil 7 Biohazard,0,29.99,23 Jan 2017,"",windows ,"Very Positive / 93% of 24,064",true,"","","","","",https://store.steampowered.com/app/418370/Resident_Evil_7_Biohazard/?snr=1_7_7_230_150_4,https://cdn.akamai.steamstatic.com/steam/apps/418370/capsule_sm_120.jpg?t=1610067869,""
Sid Meier's Civilization® VI: Gathering Storm,75%,39.99,13 Feb 2019,2300,windows / mac/ linux,"Mostly Positive / 70% of 1,776",false, Strategy / Turn-Based / Multiplayer / Grand Strategy / Turn-Based Strategy / City Builder / 4X / Historical / Singleplayer ,Firaxis Games / Aspyr (Mac) / Aspyr (Linux),2K / Aspyr (Mac) / Aspyr (Linux),Strategy,80,https://store.steampowered.com/app/947510/Sid_Meiers_Civilization_VI_Gathering_Storm/?snr=1_7_7_230_150_4,https://cdn.akamai.steamstatic.com/steam/apps/947510/capsule_sm_120.jpg?t=1590081740,""
Hearts of Iron IV,0,39.99,6 Jun 2016,117290,windows / mac/ linux,"Very Positive / 91% of 86,492",false, Strategy / World War II / Grand Strategy / Historical / War / Military / Alternate History / Multiplayer / Simulation / Tactical / Real-Time with Pause / RTS / Singleplayer / Diplomacy / Sandbox / Co-op / Great Soundtrack / Open World / Action / Casual ,Paradox Development Studio,Paradox Interactive,Simulation / Strategy,83,https://store.steampowered.com/app/394360/Hearts_of_Iron_IV/?snr=1_7_7_230_150_4,https://cdn.akamai.steamstatic.com/steam/apps/394360/capsule_sm_120.jpg?t=1611303499," Victory is at your fingertips! Your ability to lead your nation is your supreme weapon, the strategy game Hearts of Iron IV lets you take command of any nation in World War II; the most engaging conflict in world history. "
7 Days to Die,0,24.99,13 Dec 2013,155443,windows / mac/ linux,"Very Positive / 86% of 108,550",false, Survival / Zombies / Voxel / Open World / Post-apocalyptic / Open World Survival Craft / Multiplayer / FPS / Action / Sandbox / Building / Simulation / Online Co-Op / Exploration / Singleplayer / Survival Horror / RPG / Procedural Generation / Character Customization / Early Access ,The Fun Pimps,The Fun Pimps Entertainment LLC,Action / Adventure / Indie / RPG / Simulation / Strategy / Early Access,"",https://store.steampowered.com/app/251570/7_Days_to_Die/?snr=1_7_7_230_150_4,https://cdn.akamai.steamstatic.com/steam/apps/251570/capsule_sm_120.jpg?t=1608788477," 7 Days to Die is an open-world game that is a unique combination of first person shooter, survival horror, tower defense, and role-playing games. Play the definitive zombie survival sandbox RPG that came first. Navezgane awaits! "
Arma 3,0,29.99,12 Sep 2013,"",windows ,"Very Positive / 90% of 133,392",true,"","","","","",https://store.steampowered.com/app/107410/Arma_3/?snr=1_7_7_230_150_4,https://cdn.akamai.steamstatic.com/steam/apps/107410/capsule_sm_120.jpg?t=1608211055,""
Hell Let Loose,0,29.99,6 Jun 2019,35264,windows ,"Very Positive / 85% of 21,773",false, Action / Shooter / World War II / Multiplayer / War / Simulation / FPS / Realistic / Strategy / Singleplayer / First-Person / Military / Indie / Violent / Massively Multiplayer / Gore / Tanks / Historical / Early Access / Mature ,Black Matter Pty Ltd,Team17,Action / Indie / Simulation / Strategy / Early Access,"",https://store.steampowered.com/app/686810/Hell_Let_Loose/?snr=1_7_7_230_150_4,https://cdn.akamai.steamstatic.com/steam/apps/686810/capsule_sm_120.jpg?t=1609948545," Join the ever expanding experience of Hell Let Loose - a hardcore World War Two first person shooter with epic battles of 100 players with infantry, tanks, artillery, a dynamically shifting front line and a unique resource based RTS-inspired meta-game. "
Total War: THREE KINGDOMS,0,59.99,23 May 2019,67279,windows / mac/ linux,"Very Positive / 84% of 43,885",false, Strategy / Historical / War / Turn-Based Strategy / Grand Strategy / RTS / Military / Tactical / Multiplayer / Singleplayer / Real Time Tactics / Action / Great Soundtrack / Turn-Based / Co-op / Simulation / Violent / Sandbox / Fantasy / Destruction ,CREATIVE ASSEMBLY / Feral Interactive (Mac) / Feral Interactive (Linux),SEGA / Feral Interactive (Mac) / Feral Interactive (Linux),Action / Strategy,85,https://store.steampowered.com/app/779340/Total_War_THREE_KINGDOMS/?snr=1_7_7_230_150_5,https://cdn.akamai.steamstatic.com/steam/apps/779340/capsule_sm_120.jpg?t=1611322992," Total War: THREE KINGDOMS is the first in the award-winning series to recreate epic conflict across ancient China. Combining a gripping turn-based campaign of empire-building & conquest with stunning real-time battles, THREE KINGDOMS redefines the series in an age of heroes & legends. "
PAYDAY 2,0,9.99,13 Aug 2013,"",windows / linux,"Very Positive / 88% of 303,655",true,"","","","","",https://store.steampowered.com/app/218620/PAYDAY_2/?snr=1_7_7_230_150_5,https://cdn.akamai.steamstatic.com/steam/apps/218620/capsule_sm_120.jpg?t=1610019973,""
Risk of Rain 2,0,24.99,11 Aug 2020,139067,windows ,"Overwhelmingly Positive / 96% of 93,645",false, Third-Person Shooter / Action Roguelike / Multiplayer / Action / Roguelite / Co-op / Looter Shooter / Loot / Roguelike / Shooter / Online Co-Op / Difficult / Survival / Third Person / Indie / Singleplayer / Soundtrack / Early Access / Great Soundtrack / Bullet Hell ,Hopoo Games,"",Action / Indie,85,https://store.steampowered.com/app/632360/Risk_of_Rain_2/?snr=1_7_7_230_150_5,https://cdn.akamai.steamstatic.com/steam/apps/632360/capsule_sm_120.jpg?t=1597330177," Escape a chaotic alien planet by fighting through hordes of frenzied monsters – with your friends, or on your own. Combine loot in surprising ways and master each character until you become the havoc you feared upon your first crash landing. "
Mount & Blade II: Bannerlord,0,49.99,30 Mar 2020,150299,windows ,"Very Positive / 87% of 119,026",false, Medieval / Strategy / Open World / RPG / War / Multiplayer / Sandbox / Action / Singleplayer / Simulation / Moddable / Adventure / Character Customization / Horses / Realistic / Third Person / First-Person / Historical / Great Soundtrack / Early Access ,TaleWorlds Entertainment,TaleWorlds Entertainment,Action / RPG / Simulation / Strategy / Early Access,"",https://store.steampowered.com/app/261550/Mount__Blade_II_Bannerlord/?snr=1_7_7_230_150_5,https://cdn.akamai.steamstatic.com/steam/apps/261550/capsule_sm_120.jpg?t=1608928062," The horns sound, the ravens gather. An empire is torn by civil war. Beyond its borders, new kingdoms rise. Gird on your sword, don your armour, summon your followers and ride forth to win glory on the battlefields of Calradia. Establish your hegemony and create a new world out of the ashes of the old. "
Gunfire Reborn,21%,11.99,22 May 2020,31008,windows ,"Very Positive / 93% of 27,263",false, FPS / Co-op / Roguelite / Online Co-Op / Multiplayer / Roguelike / Indie / Early Access / Action / Adventure / RPG / Looter Shooter / Shooter / Action Roguelike / First-Person / Dungeon Crawler / Replay Value / Singleplayer / Fast-Paced / Souls-like ,Duoyi (Hong Kong) Interactive Entertainment Limited,Duoyi (Hong Kong) Interactive Entertainment Limited,Action / Adventure / Indie / RPG / Early Access,"",https://store.steampowered.com/app/1217060/Gunfire_Reborn/?snr=1_7_7_230_150_5,https://cdn.akamai.steamstatic.com/steam/apps/1217060/capsule_sm_120.jpg?t=1609746204," Gunfire Reborn is an adventure level-based game featured with FPS, Roguelite and RPG. Players can control heros with various abilities to experience diverse Build gameplay, use randomly dropped weapons to explore random levels. This game can be played by single player, or Co-op up to four. "
Fallout 4,0,29.99,9 Nov 2015,"",windows ,"Mostly Positive / 78% of 140,081",true,"","","","","",https://store.steampowered.com/app/377160/Fallout_4/?snr=1_7_7_230_150_5,https://cdn.akamai.steamstatic.com/steam/apps/377160/capsule_sm_120.jpg?t=1588615523,""
Subnautica,0,29.99,23 Jan 2018,153329,windows / mac,"Overwhelmingly Positive / 95% of 140,488",false, Open World Survival Craft / Survival / Open World / Exploration / Underwater / Crafting / Base Building / Singleplayer / Horror / Adventure / First-Person / Sci-fi / Sandbox / Aliens / Atmospheric / Action / Survival Horror / Early Access / Indie / Multiplayer ,Unknown Worlds Entertainment,Unknown Worlds Entertainment,Adventure / Indie,87,https://store.steampowered.com/app/264710/Subnautica/?snr=1_7_7_230_150_5,https://cdn.akamai.steamstatic.com/steam/apps/264710/capsule_sm_120.jpg?t=1609982984," Descend into the depths of an alien underwater world filled with wonder and peril. Craft equipment, pilot submarines and out-smart wildlife to explore lush coral reefs, volcanoes, cave systems, and more - all while trying to survive. "
DOOM Eternal,0,59.99,19 Mar 2020,"",windows ,"Very Positive / 89% of 96,153",true,"","","","","",https://store.steampowered.com/app/782330/DOOM_Eternal/?snr=1_7_7_230_150_5,https://cdn.akamai.steamstatic.com/steam/apps/782330/capsule_sm_120.jpg?t=1603213568,""
Call of Duty®: Black Ops III,0,59.99,5 Nov 2015,"",windows / mac,"Mostly Positive / 78% of 41,582",true,"","","","","",https://store.steampowered.com/app/311210/Call_of_Duty_Black_Ops_III/?snr=1_7_7_230_150_5,https://cdn.akamai.steamstatic.com/steam/apps/311210/capsule_sm_120.jpg?t=1595366455,""
Left 4 Dead 2,0,9.99,16 Nov 2009,458712,windows / mac/ linux,"Overwhelmingly Positive / 97% of 311,144",false, Zombies / Co-op / FPS / Multiplayer / Shooter / Action / Online Co-Op / Survival / Horror / First-Person / Gore / Team-Based / Moddable / Survival Horror / Post-apocalyptic / Singleplayer / Adventure / Local Co-Op / Replay Value / Tactical ,Valve,Valve,Action,89,https://store.steampowered.com/app/550/Left_4_Dead_2/?snr=1_7_7_230_150_5,https://cdn.akamai.steamstatic.com/steam/apps/550/capsule_sm_120.jpg?t=1601578341," Set in the zombie apocalypse, Left 4 Dead 2 (L4D2) is the highly anticipated sequel to the award-winning Left 4 Dead, the #1 co-op game of 2008. This co-operative action horror FPS takes you and your friends through the cities, swamps and cemeteries of the Deep South, from Savannah to New Orleans across five expansive campaigns. "
嗜血印 Bloody Spell,50%,19.99,15 Jan 2019,12778,windows ,"Very Positive / 84% of 11,240",false, Sexual Content / Nudity / Female Protagonist / Action / Mature / RPG / Martial Arts / Hack and Slash / Violent / Action Roguelike / Gore / Early Access / Singleplayer / Action RPG / Indie / Roguelike / 3D / Shooter / FPS / 3D Vision ,艺龙游戏,艺龙游戏,Action / Adventure / Indie / RPG / Early Access,"",https://store.steampowered.com/app/992300/_Bloody_Spell/?snr=1_7_7_230_150_5,https://cdn.akamai.steamstatic.com/steam/apps/992300/capsule_sm_120.jpg?t=1611499695," This is a martial arts action role-playing game. The core of the game is battle-oriented, and it combines many fighting elements. If you are a player who pursues blood and is brave enough to challenge the limits, it will definitely inspire your adrenaline and bring you the best combat experience. "
Yakuza 3 Remastered,0,19.99,28 Jan 2021,"",windows ,Very Positive / 92% of 332,true,"","","","","",https://store.steampowered.com/app/1088710/Yakuza_3_Remastered/?snr=1_7_7_230_150_5,https://cdn.akamai.steamstatic.com/steam/apps/1088710/capsule_sm_120.jpg?t=1611852705,""
OMORI,0,19.99,25 Dec 2020,5445,windows / mac,"Overwhelmingly Positive / 98% of 4,941",false, Psychological Horror / Indie / Story Rich / Pixel Graphics / Hand-drawn / RPGMaker / Horror / RPG / Multiple Endings / Turn-Based / Colorful / 2D / Anime / Party-Based RPG / Atmospheric / Exploration / JRPG / Fantasy / Stylized / Cats ,"OMOCAT, LLC","OMOCAT, LLC / PLAYISM",Adventure / Indie / RPG,"",https://store.steampowered.com/app/1150690/OMORI/?snr=1_7_7_230_150_5,https://cdn.akamai.steamstatic.com/steam/apps/1150690/capsule_sm_120.jpg?t=1609260441," Explore a strange world full of colorful friends and foes. When the time comes, the path you’ve chosen will determine your fate... and perhaps the fate of others as well. "
Yakuza 5 Remastered,0,19.99,28 Jan 2021,"",windows ,Very Positive / 96% of 52,true,"","","","","",https://store.steampowered.com/app/1105510/Yakuza_5_Remastered/?snr=1_7_7_230_150_5,https://cdn.akamai.steamstatic.com/steam/apps/1105510/capsule_sm_120.jpg?t=1611852696,""
Sekiro™: Shadows Die Twice - GOTY Edition,0,59.99,21 Mar 2019,"",windows ,"Very Positive / 94% of 82,900",true,"","","","","",https://store.steampowered.com/app/814380/Sekiro_Shadows_Die_Twice__GOTY_Edition/?snr=1_7_7_230_150_5,https://cdn.akamai.steamstatic.com/steam/apps/814380/capsule_sm_120.jpg?t=1603904569,""
STAR WARS™ Battlefront™ II,0,39.99,11 Jun 2020,18399,windows ,"Very Positive / 89% of 15,132",false, Multiplayer / FPS / Shooter / Third-Person Shooter / Singleplayer / Action / Space / Co-op / Vehicular Combat / Sci-fi / Combat / Adventure / Online Co-Op / Third Person / First-Person / PvP / Aliens / Tactical / Character Customization / Controller ,DICE,Electronic Arts,Action / Adventure,"",https://store.steampowered.com/app/1237950/STAR_WARS_Battlefront_II/?snr=1_7_7_230_150_5,https://cdn.akamai.steamstatic.com/steam/apps/1237950/capsule_sm_120.jpg?t=1608417290, Be the hero in the ultimate STAR WARS™ battle fantasy with STAR WARS™ Battlefront™ II: Celebration Edition! 
No Man's Sky,0,59.99,12 Aug 2016,182711,windows ,"Mixed / 66% of 147,318",false, Open World / Open World Survival Craft / Space / Exploration / Sci-fi / Survival / Procedural Generation / First-Person / Adventure / Singleplayer / Sandbox / Atmospheric / Crafting / Space Sim / Multiplayer / Indie / Action / Simulation / FPS / Great Soundtrack ,Hello Games,Hello Games,Action / Adventure,61,https://store.steampowered.com/app/275850/No_Mans_Sky/?snr=1_7_7_230_150_5,https://cdn.akamai.steamstatic.com/steam/apps/275850/capsule_sm_120.jpg?t=1606325215, No Man's Sky is a game about exploration and survival in an infinite procedurally generated universe. 
Yakuza 4 Remastered,0,19.99,28 Jan 2021,"",windows ,Positive / 96% of 28,true,"","","","","",https://store.steampowered.com/app/1105500/Yakuza_4_Remastered/?snr=1_7_7_230_150_5,https://cdn.akamai.steamstatic.com/steam/apps/1105500/capsule_sm_120.jpg?t=1611853625,""
STAR WARS™: Squadrons,0,39.99,1 Oct 2020,18341,windows ,"Mostly Positive / 74% of 16,731",false, Flight / Space / Multiplayer / VR / Sci-fi / Action / Singleplayer / Simulation / First-Person / PvP / Online Co-Op / Spaceships / Co-op / Shooter / Controller / Space Sim / Female Protagonist / Open World / Strategy / Adventure ,MOTIVE,Electronic Arts,Action / Simulation,79,https://store.steampowered.com/app/1222730/STAR_WARS_Squadrons/?snr=1_7_7_230_150_5,https://cdn.akamai.steamstatic.com/steam/apps/1222730/capsule_sm_120.jpg?t=1611259327," Master the art of starfighter combat in the authentic piloting experience STAR WARS™: Squadrons. Feel the adrenaline of first-person multiplayer space dogfights alongside your squadron, and buckle up in a thrilling STAR WARS™ story. "
Warhammer: Vermintide 2,0,29.99,8 Mar 2018,62602,windows ,"Very Positive / 80% of 46,907",false, Co-op / First-Person / Hack and Slash / Online Co-Op / Multiplayer / Gore / Dark Fantasy / Action / Violent / Fantasy / PvE / Games Workshop / Atmospheric / FPS / Action RPG / Singleplayer / Survival / Indie / Adventure / Open World ,Fatshark,Fatshark,Action / Indie,82,https://store.steampowered.com/app/552500/Warhammer_Vermintide_2/?snr=1_7_7_230_150_5,https://cdn.akamai.steamstatic.com/steam/apps/552500/capsule_sm_120.jpg?t=1605801170, The critically acclaimed Vermintide 2 is a visually stunning and groundbreaking melee action game pushing the boundaries of the first person co-op genre. Join the fight now! 
Elite Dangerous,0,29.99,2 Apr 2015,65108,windows ,"Mostly Positive / 76% of 50,013",false, Space Sim / Space / Open World / Exploration / Sci-fi / Simulation / Massively Multiplayer / Multiplayer / First-Person / Action / Adventure / Sandbox / VR / Online Co-Op / Trading / Singleplayer / RPG / Strategy / Difficult / TrackIR ,Frontier Developments,Frontier Developments,Action / Adventure / Massively Multiplayer / RPG / Simulation / Strategy,80,https://store.steampowered.com/app/359320/Elite_Dangerous/?snr=1_7_7_230_150_5,https://cdn.akamai.steamstatic.com/steam/apps/359320/capsule_sm_120.jpg?t=1603796492, Take control of your own starship in a cutthroat galaxy. Elite Dangerous is the definitive massively multiplayer space epic. 
Spiritfarer®,25%,29.99,18 Aug 2020,6720,windows / mac/ linux,"Overwhelmingly Positive / 96% of 5,847",false, Building / Management / Emotional / Indie / Adventure / Story Rich / Hand-drawn / Platformer / Female Protagonist / Local Co-Op / Exploration / Atmospheric / Co-op / Crafting / Funny / Simulation / Relaxing / Farming Sim / Cartoony / Fishing ,Thunder Lotus Games,Thunder Lotus Games,Adventure / Indie / Simulation,84,https://store.steampowered.com/app/972660/Spiritfarer/?snr=1_7_7_230_150_5,https://cdn.akamai.steamstatic.com/steam/apps/972660/capsule_sm_120.jpg?t=1611680725," Spiritfarer® is a cozy management game about dying. As ferrymaster to the deceased, build a boat to explore the world, care for your spirit friends, and guide them across mystical seas to finally release them into the afterlife. What will you leave behind? "
Age of Empires III: Definitive Edition,0,19.99,15 Oct 2020,14254,windows ,"Mixed / 69% of 12,791",false, Strategy / RTS / Base Building / Multiplayer / Military / Historical / War / 3D / Singleplayer / Resource Management / City Builder / PvP / Combat / Story Rich / Moddable / Level Editor / Classic ,Tantalus Media / Forgotten Empires,"",Strategy,75,https://store.steampowered.com/app/933110/Age_of_Empires_III_Definitive_Edition/?snr=1_7_7_230_150_5,https://cdn.akamai.steamstatic.com/steam/apps/933110/capsule_sm_120.jpg?t=1605738001," Age of Empires III: Definitive Edition completes the celebration of one of the most beloved real-time strategy franchises with remastered graphics and music, all previously released expansions and brand-new content to enjoy for the very first time. "
HITMAN™ 2,0,0,13 Nov 2018,48988,windows ,"Very Positive / 91% of 20,683",false, Stealth / Assassin / Action / Singleplayer / Third Person / Multiplayer / Violent / Open World / Sandbox / Strategy / Gore / Puzzle / Atmospheric / Co-op / Third-Person Shooter / Shooter / Funny / Online Co-Op / Great Soundtrack / Nudity ,IO Interactive A/S,Warner Bros Interactive Entertainment,Action,82,https://store.steampowered.com/app/863550/HITMAN_2/?snr=1_7_7_230_150_5,https://cdn.akamai.steamstatic.com/steam/apps/863550/capsule_sm_120.jpg?t=1598895956," Travel the globe and track your targets across exotic sandbox locations in HITMAN™ 2. From sun-drenched streets to dark and dangerous rainforests, nowhere is safe from the world’s most creative assassin, Agent 47 in the ultimate spy thriller story. "
Pavlov VR,0,24.99,27 Feb 2017,19423,windows ,"Very Positive / 94% of 18,370",false, Early Access / VR / Action / Shooter / Multiplayer / FPS / Indie / Violent / Military / Gore / First-Person / Funny / Singleplayer / Memes / Competitive / Zombies / PvP / Team-Based / Co-op / Simulation ,Vankrupt Games,Vankrupt Games,Action / Indie / Early Access,"",https://store.steampowered.com/app/555160/Pavlov_VR/?snr=1_7_7_230_150_5,https://cdn.akamai.steamstatic.com/steam/apps/555160/capsule_sm_120.jpg?t=1608725963, Pavlov vr is a multiplayer shooter in VR with heavy focus on community features. Realistic reloading features and fast paced combat as part of the core experience. Play the #1 most popular VR shooter on PC today. 
